{
	"info": {
		"name": "D&B Direct+ Data Products",
		"_postman_id": "cf22b299-095f-f17e-ac7a-42a1ab2e9337",
		"description": "Includes several Data API options.  Not all data products are included.  \n----------------\n1.17.7.1: Added tradeUp to some products",
		"schema": "https://schema.getpostman.com/json/collection/v2.1.0/collection.json"
	},
	"item": [
		{
			"name": "Authentication - Access Token",
			"event": [
				{
					"listen": "test",
					"script": {
						"type": "text/javascript",
						"exec": [
							"var jsonData = JSON.parse(responseBody);\r",
							"postman.setGlobalVariable(\"dnbtoken\",jsonData.access_token);"
						]
					}
				}
			],
			"request": {
				"auth": {
					"type": "basic",
					"basic": [
						{
							"key": "username",
							"value": "",
							"type": "string"
						},
						{
							"key": "password",
							"value": "",
							"type": "string"
						},
						{
							"key": "saveHelperData",
							"type": "any"
						},
						{
							"key": "showPassword",
							"value": false,
							"type": "boolean"
						}
					]
				},
				"method": "POST",
				"header": [
					{
						"key": "Content-Type",
						"value": "application/json"
					},
					{
						"key": "Authorization",
						"value": "Basic <base 64 encoded(yourKey:yourSecret)>"
					}
				],
				"body": {
					"mode": "raw",
					"raw": "{ \"grant_type\" : \"client_credentials\" }"
				},
				"url": {
					"raw": "https://plus.dnb.com/v2/token",
					"protocol": "https",
					"host": [
						"plus",
						"dnb",
						"com"
					],
					"path": [
						"v2",
						"token"
					]
				}
			},
			"response": []
		},
		{
			"name": "Alternate Linkage",
			"request": {
				"method": "GET",
				"header": [
					{
						"key": "Authorization",
						"value": "Bearer {{dnbtoken}}"
					},
					{
						"key": "Content-Type",
						"value": "application/json"
					}
				],
				"body": {
					"mode": "raw",
					"raw": "{ \"grant_type\" : \"client_credentials\" }"
				},
				"url": {
					"raw": "https://plus.dnb.com/v1/data/duns/001024314?productId=lnkalt&versionId=v1&tradeUp=hq",
					"protocol": "https",
					"host": [
						"plus",
						"dnb",
						"com"
					],
					"path": [
						"v1",
						"data",
						"duns",
						"001024314"
					],
					"query": [
						{
							"key": "productId",
							"value": "lnkalt",
							"equals": true
						},
						{
							"key": "versionId",
							"value": "v1",
							"equals": true
						},
						{
							"key": "tradeUp",
							"value": "hq",
							"equals": true
						}
					]
				}
			},
			"response": []
		},
		{
			"name": "Company Profile w/Linkage",
			"request": {
				"method": "GET",
				"header": [
					{
						"key": "Authorization",
						"value": "Bearer {{dnbtoken}}"
					},
					{
						"key": "Content-Type",
						"value": "application/json"
					}
				],
				"body": {
					"mode": "raw",
					"raw": "{ \"grant_type\" : \"client_credentials\" }"
				},
				"url": {
					"raw": "https://plus.dnb.com/v1/data/duns/804735132?productId=cmplnk&versionId=v1",
					"protocol": "https",
					"host": [
						"plus",
						"dnb",
						"com"
					],
					"path": [
						"v1",
						"data",
						"duns",
						"804735132"
					],
					"query": [
						{
							"key": "productId",
							"value": "cmplnk",
							"equals": true
						},
						{
							"key": "versionId",
							"value": "v1",
							"equals": true
						}
					]
				}
			},
			"response": []
		},
		{
			"name": "Company Profile, Executives w/Linkage",
			"request": {
				"method": "GET",
				"header": [
					{
						"key": "Authorization",
						"value": "Bearer {{dnbtoken}}"
					},
					{
						"key": "Content-Type",
						"value": "application/json"
					}
				],
				"body": {
					"mode": "raw",
					"raw": "{ \"grant_type\" : \"client_credentials\" }"
				},
				"url": {
					"raw": "https://plus.dnb.com/v1/data/duns/804735132?productId=cmpelk&versionId=v1",
					"protocol": "https",
					"host": [
						"plus",
						"dnb",
						"com"
					],
					"path": [
						"v1",
						"data",
						"duns",
						"804735132"
					],
					"query": [
						{
							"key": "productId",
							"value": "cmpelk",
							"equals": true
						},
						{
							"key": "versionId",
							"value": "v1",
							"equals": true
						}
					]
				}
			},
			"response": []
		},
		{
			"name": "Decision HQ",
			"request": {
				"method": "GET",
				"header": [
					{
						"key": "Authorization",
						"value": "Bearer {{dnbtoken}}"
					},
					{
						"key": "Content-Type",
						"value": "application/json"
					}
				],
				"body": {
					"mode": "raw",
					"raw": "{ \"grant_type\" : \"client_credentials\" }"
				},
				"url": {
					"raw": "https://plus.dnb.com/v1/data/duns/804735132?productId=aasdhq&versionId=v1",
					"protocol": "https",
					"host": [
						"plus",
						"dnb",
						"com"
					],
					"path": [
						"v1",
						"data",
						"duns",
						"804735132"
					],
					"query": [
						{
							"key": "productId",
							"value": "aasdhq",
							"equals": true
						},
						{
							"key": "versionId",
							"value": "v1",
							"equals": true
						}
					]
				}
			},
			"response": []
		},
		{
			"name": "Global IT Buydex",
			"request": {
				"method": "GET",
				"header": [
					{
						"key": "Authorization",
						"value": "Bearer {{dnbtoken}}"
					},
					{
						"key": "Content-Type",
						"value": "application/json"
					}
				],
				"body": {
					"mode": "raw",
					"raw": "{ \"grant_type\" : \"client_credentials\" }"
				},
				"url": {
					"raw": "https://plus.dnb.com/v1/data/duns/001024314?productId=aasbig&versionId=v1&tradeUp=hq",
					"protocol": "https",
					"host": [
						"plus",
						"dnb",
						"com"
					],
					"path": [
						"v1",
						"data",
						"duns",
						"001024314"
					],
					"query": [
						{
							"key": "productId",
							"value": "aasbig",
							"equals": true
						},
						{
							"key": "versionId",
							"value": "v1",
							"equals": true
						},
						{
							"key": "tradeUp",
							"value": "hq",
							"equals": true
						}
					]
				}
			},
			"response": []
		},
		{
			"name": "Minority Linkage",
			"request": {
				"method": "GET",
				"header": [
					{
						"key": "Authorization",
						"value": "Bearer {{dnbtoken}}"
					},
					{
						"key": "Content-Type",
						"value": "application/json"
					}
				],
				"body": {
					"mode": "raw",
					"raw": "{ \"grant_type\" : \"client_credentials\" }"
				},
				"url": {
					"raw": "https://plus.dnb.com/v1/data/duns/001030311?productId=lnkmin&versionId=v1&tradeUp=hq",
					"protocol": "https",
					"host": [
						"plus",
						"dnb",
						"com"
					],
					"path": [
						"v1",
						"data",
						"duns",
						"001030311"
					],
					"query": [
						{
							"key": "productId",
							"value": "lnkmin",
							"equals": true
						},
						{
							"key": "versionId",
							"value": "v1",
							"equals": true
						},
						{
							"key": "tradeUp",
							"value": "hq",
							"equals": true
						}
					]
				}
			},
			"response": []
		},
		{
			"name": "Upward Linkage",
			"request": {
				"method": "GET",
				"header": [
					{
						"key": "Authorization",
						"value": "Bearer {{dnbtoken}}"
					},
					{
						"key": "Content-Type",
						"value": "application/json"
					}
				],
				"body": {
					"mode": "raw",
					"raw": "{ \"grant_type\" : \"client_credentials\" }"
				},
				"url": {
					"raw": "https://plus.dnb.com/v1/data/duns/804735132?productId=lnkupd&versionId=v1",
					"protocol": "https",
					"host": [
						"plus",
						"dnb",
						"com"
					],
					"path": [
						"v1",
						"data",
						"duns",
						"804735132"
					],
					"query": [
						{
							"key": "productId",
							"value": "lnkupd",
							"equals": true
						},
						{
							"key": "versionId",
							"value": "v1",
							"equals": true
						}
					]
				}
			},
			"response": []
		},
		{
			"name": "Material Change",
			"request": {
				"method": "GET",
				"header": [
					{
						"key": "Authorization",
						"value": "Bearer {{dnbtoken}}"
					},
					{
						"key": "Content-Type",
						"value": "application/json"
					}
				],
				"body": {
					"mode": "raw",
					"raw": "{ \"grant_type\" : \"client_credentials\" }"
				},
				"url": {
					"raw": "https://plus.dnb.com/v1/data/duns/804735132?productId=aasmcu&versionId=v1",
					"protocol": "https",
					"host": [
						"plus",
						"dnb",
						"com"
					],
					"path": [
						"v1",
						"data",
						"duns",
						"804735132"
					],
					"query": [
						{
							"key": "productId",
							"value": "aasmcu",
							"equals": true
						},
						{
							"key": "versionId",
							"value": "v1",
							"equals": true
						}
					]
				}
			},
			"response": []
		}
	]
}