{
	"info": {
		"name": "D&B Direct+ Monitoring",
		"_postman_id": "bba4a692-42fd-8d63-4515-31d21eee0d25",
		"description": "Monitoring API calls.",
		"schema": "https://schema.getpostman.com/json/collection/v2.1.0/collection.json"
	},
	"item": [
		{
			"name": "Authentication - Access Token",
			"event": [
				{
					"listen": "test",
					"script": {
						"type": "text/javascript",
						"exec": [
							"var jsonData = JSON.parse(responseBody);\r",
							"postman.setGlobalVariable(\"dnbtoken\",jsonData.access_token);"
						]
					}
				}
			],
			"request": {
				"auth": {
					"type": "basic",
					"basic": [
						{
							"key": "username",
							"value": "",
							"type": "string"
						},
						{
							"key": "password",
							"value": "",
							"type": "string"
						},
						{
							"key": "saveHelperData",
							"type": "any"
						},
						{
							"key": "showPassword",
							"value": false,
							"type": "boolean"
						}
					]
				},
				"method": "POST",
				"header": [
					{
						"key": "Authorization",
						"value": "Bearer Basic <base 64 encoded(yourKey:yourSecret)>"
					},
					{
						"key": "Content-Type",
						"value": "application/json"
					}
				],
				"body": {
					"mode": "raw",
					"raw": "{ \"grant_type\" : \"client_credentials\" }"
				},
				"url": {
					"raw": "https://plus.dnb.com/v2/token",
					"protocol": "https",
					"host": [
						"plus",
						"dnb",
						"com"
					],
					"path": [
						"v2",
						"token"
					]
				}
			},
			"response": []
		},
		{
			"name": "Create Registration",
			"request": {
				"method": "POST",
				"header": [
					{
						"key": "Authorization",
						"value": "Bearer {{dnbtoken}}"
					},
					{
						"key": "Accept",
						"value": "application/json"
					}
				],
				"body": {
					"mode": "formdata",
					"formdata": [
						{
							"key": "reference",
							"value": "myTest1",
							"type": "text"
						},
						{
							"key": "description",
							"value": "Reg for cmpelk updates",
							"type": "text"
						},
						{
							"key": "productId",
							"value": "cmpelk",
							"type": "text"
						},
						{
							"key": "versionId",
							"value": "v2",
							"type": "text"
						},
						{
							"key": "notificationFormat",
							"value": "JSON",
							"type": "text"
						},
						{
							"key": "notificationType",
							"value": "UPDATE",
							"type": "text"
						},
						{
							"key": "deliveryFrequency",
							"value": "DAILY",
							"type": "text"
						},
						{
							"key": "deliveryTrigger",
							"value": "PUSH",
							"type": "text"
						},
						{
							"key": "destinationType",
							"value": "STP",
							"type": "text"
						},
						{
							"key": "email",
							"value": "ourgroup@mycompany.com",
							"type": "text"
						},
						{
							"key": "duns",
							"type": "file",
							"value": ""
						},
						{
							"key": "seedData",
							"value": "True",
							"type": "text"
						},
						{
							"key": "fileTransferProfile",
							"value": "MySTPProfile",
							"type": "text"
						}
					]
				},
				"url": {
					"raw": "https://plus.dnb.com/v1/monitoring/registrations/",
					"protocol": "https",
					"host": [
						"plus",
						"dnb",
						"com"
					],
					"path": [
						"v1",
						"monitoring",
						"registrations",
						""
					]
				}
			},
			"response": []
		},
		{
			"name": "Add DUNS to Regisration",
			"request": {
				"method": "PATCH",
				"header": [
					{
						"key": "Authorization",
						"value": "Bearer {{dnbtoken}}"
					}
				],
				"body": {
					"mode": "formdata",
					"formdata": [
						{
							"key": "duns",
							"type": "file",
							"value": ""
						}
					]
				},
				"url": {
					"raw": "https://plus.dnb.com/v1/monitoring/registrations/myTest1/duns/add",
					"protocol": "https",
					"host": [
						"plus",
						"dnb",
						"com"
					],
					"path": [
						"v1",
						"monitoring",
						"registrations",
						"myTest1",
						"duns",
						"add"
					]
				}
			},
			"response": []
		},
		{
			"name": "Check for DUNS in Registration",
			"request": {
				"method": "GET",
				"header": [
					{
						"key": "Authorization",
						"value": "Bearer {{dnbtoken}}"
					}
				],
				"body": {},
				"url": {
					"raw": "https://plus.dnb.com/v1/monitoring/registrations/myTest1/duns/804735132",
					"protocol": "https",
					"host": [
						"plus",
						"dnb",
						"com"
					],
					"path": [
						"v1",
						"monitoring",
						"registrations",
						"myTest1",
						"duns",
						"804735132"
					]
				}
			},
			"response": []
		},
		{
			"name": "Delete Registration - Confirm",
			"request": {
				"method": "DELETE",
				"header": [
					{
						"key": "Authorization",
						"value": "Bearer {{dnbtoken}}"
					},
					{
						"key": "Accept",
						"value": "application/json"
					}
				],
				"body": {},
				"url": {
					"raw": "https://plus.dnb.com/v1/monitoring/registrations/myTest1?ackToken=[ackToken]",
					"protocol": "https",
					"host": [
						"plus",
						"dnb",
						"com"
					],
					"path": [
						"v1",
						"monitoring",
						"registrations",
						"myTest1"
					],
					"query": [
						{
							"key": "ackToken",
							"value": "[ackToken]",
							"equals": true
						}
					]
				}
			},
			"response": []
		},
		{
			"name": "Delete Registration - Submit",
			"request": {
				"method": "DELETE",
				"header": [
					{
						"key": "Authorization",
						"value": "Bearer {{dnbtoken}}"
					},
					{
						"key": "Accept",
						"value": "application/json"
					}
				],
				"body": {},
				"url": {
					"raw": "https://plus.dnb.com/v1/monitoring/registrations/myTest1",
					"protocol": "https",
					"host": [
						"plus",
						"dnb",
						"com"
					],
					"path": [
						"v1",
						"monitoring",
						"registrations",
						"myTest1"
					]
				}
			},
			"response": []
		},
		{
			"name": "Remove DUNS from Registration",
			"request": {
				"method": "PATCH",
				"header": [
					{
						"key": "Authorization",
						"value": "Bearer {{dnbtoken}}"
					},
					{
						"key": "Accept",
						"value": "application/json"
					}
				],
				"body": {
					"mode": "formdata",
					"formdata": [
						{
							"key": "duns",
							"value": "",
							"type": "file"
						}
					]
				},
				"url": {
					"raw": "https://plus.dnb.com/v1/monitoring/registrations/Test1/duns/remove",
					"protocol": "https",
					"host": [
						"plus",
						"dnb",
						"com"
					],
					"path": [
						"v1",
						"monitoring",
						"registrations",
						"Test1",
						"duns",
						"remove"
					]
				}
			},
			"response": []
		},
		{
			"name": "Edit Registration Details",
			"request": {
				"method": "PATCH",
				"header": [
					{
						"key": "Authorization",
						"value": "Bearer {{dnbtoken}}"
					},
					{
						"key": "Accept",
						"value": "application/json"
					}
				],
				"body": {
					"mode": "formdata",
					"formdata": [
						{
							"key": "destinationType",
							"value": "STP",
							"type": "text"
						},
						{
							"key": "destinationHost",
							"value": "",
							"type": "text"
						},
						{
							"key": "destinationPort",
							"value": "",
							"type": "text"
						},
						{
							"key": "destinationUrn",
							"value": "",
							"type": "text"
						},
						{
							"key": "email",
							"value": "ourgroup@mycompany.com, jsmith@company.com, mytam@dnb.com",
							"type": "text"
						},
						{
							"key": "fileTransferProfile",
							"value": "MySTPProfile",
							"type": "text"
						},
						{
							"key": "maxDistributionConnections",
							"value": "",
							"type": "text"
						},
						{
							"key": "Description",
							"value": "",
							"type": "text"
						}
					]
				},
				"url": {
					"raw": "https://plus.dnb.com/v1/monitoring/registrations/myTest1",
					"protocol": "https",
					"host": [
						"plus",
						"dnb",
						"com"
					],
					"path": [
						"v1",
						"monitoring",
						"registrations",
						"myTest1"
					]
				}
			},
			"response": []
		},
		{
			"name": "Export list of DUNS",
			"request": {
				"method": "GET",
				"header": [
					{
						"key": "Authorization",
						"value": "Bearer {{dnbtoken}}"
					}
				],
				"body": {},
				"url": {
					"raw": "https://plus.dnb.com/v1/monitoring/registrations/export/myTest1/duns",
					"protocol": "https",
					"host": [
						"plus",
						"dnb",
						"com"
					],
					"path": [
						"v1",
						"monitoring",
						"registrations",
						"export",
						"myTest1",
						"duns"
					]
				}
			},
			"response": []
		},
		{
			"name": "Get Registration Details",
			"request": {
				"method": "GET",
				"header": [
					{
						"key": "Authorization",
						"value": "Bearer {{dnbtoken}}"
					}
				],
				"body": {},
				"url": {
					"raw": "https://plus.dnb.com/v1/monitoring/registrations/myTest1",
					"protocol": "https",
					"host": [
						"plus",
						"dnb",
						"com"
					],
					"path": [
						"v1",
						"monitoring",
						"registrations",
						"myTest1"
					]
				}
			},
			"response": []
		},
		{
			"name": "Get Registration Status",
			"request": {
				"method": "GET",
				"header": [
					{
						"key": "Authorization",
						"value": "Bearer {{dnbtoken}}"
					}
				],
				"body": {},
				"url": {
					"raw": "https://plus.dnb.com/v1/monitoring/registrations/myTest1/status",
					"protocol": "https",
					"host": [
						"plus",
						"dnb",
						"com"
					],
					"path": [
						"v1",
						"monitoring",
						"registrations",
						"myTest1",
						"status"
					]
				}
			},
			"response": []
		},
		{
			"name": "List all Registrations",
			"request": {
				"method": "GET",
				"header": [
					{
						"key": "Authorization",
						"value": "Bearer {{dnbtoken}}"
					}
				],
				"body": {},
				"url": {
					"raw": "https://plus.dnb.com/v1/monitoring/registrations/",
					"protocol": "https",
					"host": [
						"plus",
						"dnb",
						"com"
					],
					"path": [
						"v1",
						"monitoring",
						"registrations",
						""
					]
				}
			},
			"response": []
		},
		{
			"name": "List Pending Deliveries",
			"request": {
				"method": "GET",
				"header": [
					{
						"key": "Authorization",
						"value": "Bearer {{dnbtoken}}"
					}
				],
				"body": {},
				"url": {
					"raw": "https://plus.dnb.com/v1/monitoring/registrations/myTest1/deliveries",
					"protocol": "https",
					"host": [
						"plus",
						"dnb",
						"com"
					],
					"path": [
						"v1",
						"monitoring",
						"registrations",
						"myTest1",
						"deliveries"
					]
				}
			},
			"response": []
		},
		{
			"name": "Suppress Notifications",
			"request": {
				"method": "POST",
				"header": [
					{
						"key": "Authorization",
						"value": "Bearer {{dnbtoken}}"
					}
				],
				"body": {},
				"url": {
					"raw": "https://plus.dnb.com/v1/monitoring/registrations/myTest1/suppress",
					"protocol": "https",
					"host": [
						"plus",
						"dnb",
						"com"
					],
					"path": [
						"v1",
						"monitoring",
						"registrations",
						"myTest1",
						"suppress"
					]
				}
			},
			"response": []
		},
		{
			"name": "Unsuppress Notifications",
			"request": {
				"method": "DELETE",
				"header": [
					{
						"key": "Authorization",
						"value": "Bearer {{dnbtoken}}"
					}
				],
				"body": {},
				"url": {
					"raw": "https://plus.dnb.com/v1/monitoring/registrations/myTest1/suppress",
					"protocol": "https",
					"host": [
						"plus",
						"dnb",
						"com"
					],
					"path": [
						"v1",
						"monitoring",
						"registrations",
						"myTest1",
						"suppress"
					]
				}
			},
			"response": []
		}
	]
}