{
	"info": {
		"name": "D&B Direct+ Mini Investigation",
		"_postman_id": "10a10d55-2e75-06c1-972a-e2839cf4e735",
		"description": "Mini-Investigation request and status API calls.",
		"schema": "https://schema.getpostman.com/json/collection/v2.1.0/collection.json"
	},
	"item": [
		{
			"name": "Authentication - Access Token",
			"event": [
				{
					"listen": "test",
					"script": {
						"type": "text/javascript",
						"exec": [
							"var jsonData = JSON.parse(responseBody);\r",
							"postman.setGlobalVariable(\"dnbtoken\",jsonData.access_token);"
						]
					}
				}
			],
			"request": {
				"auth": {
					"type": "basic",
					"basic": [
						{
							"key": "username",
							"value": "",
							"type": "string"
						},
						{
							"key": "password",
							"value": "",
							"type": "string"
						},
						{
							"key": "saveHelperData",
							"type": "any"
						},
						{
							"key": "showPassword",
							"value": false,
							"type": "boolean"
						}
					]
				},
				"method": "POST",
				"header": [
					{
						"key": "Authorization",
						"value": "Basic <base 64 encoded(yourKey:yourSecret)>"
					},
					{
						"key": "Content-Type",
						"value": "application/json"
					}
				],
				"body": {
					"mode": "raw",
					"raw": "{ \"grant_type\" : \"client_credentials\" }"
				},
				"url": {
					"raw": "https://plus.dnb.com/v2/token",
					"protocol": "https",
					"host": [
						"plus",
						"dnb",
						"com"
					],
					"path": [
						"v2",
						"token"
					]
				}
			},
			"response": []
		},
		{
			"name": "Submit",
			"request": {
				"method": "POST",
				"header": [
					{
						"key": "Authorization",
						"value": "Bearer {{dnbtoken}}"
					},
					{
						"key": "Content-Type",
						"value": "application/json"
					}
				],
				"body": {
					"mode": "raw",
					"raw": "{    \r\n    \"primaryName\":\"primaryNameExample\",\r\n    \"tradeStyle\":\"tradeStyleExample\",\r\n    \"primaryAddress\": {\r\n    \t\"countryISOAlpha2Code\": \"US\",\r\n    \t\"addressLocality\": \"addressLocalityExample1\",\r\n    \t\"addressRegion\": \"NY\",\r\n    \t\"streetAddressLine1\": \"streetAddressLine1Example1\",\r\n    \t\"postalCode\": \"postalCo\"\r\n    },\r\n    \"mailingAddress\": {\r\n    \t\"addressLocality\": \"addressLocalityExample2\",\r\n    \t\"addressRegion\": \"NY\",\r\n    \t\"streetAddressLine1\": \"streetAddressLine1Example2\",\r\n    \t\"postalCode\": \"postalC\"\r\n    },\r\n    \"telephoneNumber\":\"1111111111\",\r\n    \"additionalInformation\": \"additionalInformationExample\",\r\n    \"customerReference\": \"customerReferenceEx\",\r\n    \"customerName\": \"customerNameExample\",\r\n\t\"customerEmail\":\"example@email.com\"\r\n}"
				},
				"url": {
					"raw": "https://plus.dnb.com/v1/investigate/submit",
					"protocol": "https",
					"host": [
						"plus",
						"dnb",
						"com"
					],
					"path": [
						"v1",
						"investigate",
						"submit"
					]
				}
			},
			"response": []
		},
		{
			"name": "Get Status",
			"request": {
				"method": "GET",
				"header": [
					{
						"key": "Authorization",
						"value": "Bearer {{dnbtoken}}"
					},
					{
						"key": "Content-Type",
						"value": "application/json"
					}
				],
				"body": {
					"mode": "raw",
					"raw": "{ \"grant_type\" : \"client_credentials\" }"
				},
				"url": {
					"raw": "https://plus.dnb.com/v1/investigate/status/00000",
					"protocol": "https",
					"host": [
						"plus",
						"dnb",
						"com"
					],
					"path": [
						"v1",
						"investigate",
						"status",
						"00000"
					]
				}
			},
			"response": []
		}
	]
}