{
	"info": {
		"name": "D&B Direct+ Identity Resolution",
		"_postman_id": "eaa88ff4-4721-e140-9a8f-b03f51f70463",
		"schema": "https://schema.getpostman.com/json/collection/v2.1.0/collection.json"
	},
	"item": [
		{
			"name": "Authentication - Access Token",
			"event": [
				{
					"listen": "test",
					"script": {
						"type": "text/javascript",
						"exec": [
							"var jsonData = JSON.parse(responseBody);\r",
							"postman.setGlobalVariable(\"dnbtoken\",jsonData.access_token);"
						]
					}
				}
			],
			"request": {
				"auth": {
					"type": "basic",
					"basic": [
						{
							"key": "username",
							"value": "",
							"type": "string"
						},
						{
							"key": "password",
							"value": "",
							"type": "string"
						},
						{
							"key": "saveHelperData",
							"type": "any"
						},
						{
							"key": "showPassword",
							"value": false,
							"type": "boolean"
						}
					]
				},
				"method": "POST",
				"header": [
					{
						"key": "Authorization",
						"value": "Basic <base 64 encoded(yourKey:yourSecret)>"
					},
					{
						"key": "Content-Type",
						"value": "application/json"
					}
				],
				"body": {
					"mode": "raw",
					"raw": "{ \"grant_type\" : \"client_credentials\" }"
				},
				"url": {
					"raw": "https://plus.dnb.com/v2/token",
					"protocol": "https",
					"host": [
						"plus",
						"dnb",
						"com"
					],
					"path": [
						"v2",
						"token"
					]
				}
			},
			"response": []
		},
		{
			"name": "Cleanse & Standardize",
			"request": {
				"method": "GET",
				"header": [
					{
						"key": "Authorization",
						"value": "Bearer {{dnbtoken}}"
					}
				],
				"body": {},
				"url": {
					"raw": "https://plus.dnb.com/v1/match/cleanseAndStandardize?name=Gorman Manufacturing&streetAddressLine1=492 KOLLER STREET&countryISOAlpha2Code=US&addressLocality=SAN FRANCISCO&addressRegion=CA",
					"protocol": "https",
					"host": [
						"plus",
						"dnb",
						"com"
					],
					"path": [
						"v1",
						"match",
						"cleanseAndStandardize"
					],
					"query": [
						{
							"key": "name",
							"value": "Gorman Manufacturing",
							"equals": true
						},
						{
							"key": "streetAddressLine1",
							"value": "492 KOLLER STREET",
							"equals": true
						},
						{
							"key": "countryISOAlpha2Code",
							"value": "US",
							"equals": true
						},
						{
							"key": "addressLocality",
							"value": "SAN FRANCISCO",
							"equals": true
						},
						{
							"key": "addressRegion",
							"value": "CA",
							"equals": true
						}
					]
				}
			},
			"response": []
		},
		{
			"name": "IDR DUNS",
			"request": {
				"method": "GET",
				"header": [
					{
						"key": "Authorization",
						"value": "Bearer {{dnbtoken}}"
					},
					{
						"key": "Content-Type",
						"value": "application/json"
					}
				],
				"body": {
					"mode": "raw",
					"raw": "{ \"grant_type\" : \"client_credentials\" }"
				},
				"url": {
					"raw": "https://plus.dnb.com/v1/match/cleanseMatch?duns=4574135",
					"protocol": "https",
					"host": [
						"plus",
						"dnb",
						"com"
					],
					"path": [
						"v1",
						"match",
						"cleanseMatch"
					],
					"query": [
						{
							"key": "duns",
							"value": "4574135",
							"equals": true
						}
					]
				}
			},
			"response": []
		},
		{
			"name": "IDR Name & Address",
			"request": {
				"method": "GET",
				"header": [
					{
						"key": "Authorization",
						"value": "Bearer {{dnbtoken}}"
					},
					{
						"key": "Content-Type",
						"value": "application/json"
					}
				],
				"body": {
					"mode": "raw",
					"raw": "{ \"grant_type\" : \"client_credentials\" }"
				},
				"url": {
					"raw": "https://plus.dnb.com/v1/match/cleanseMatch?name=Gorman%20Manufacturing&streetAddressLine1=492%20KOLLER%20STREET&countryISOAlpha2Code=US&addressLocality=SAN%20FRANCISCO&addressRegion=CA&postalCode=94110",
					"protocol": "https",
					"host": [
						"plus",
						"dnb",
						"com"
					],
					"path": [
						"v1",
						"match",
						"cleanseMatch"
					],
					"query": [
						{
							"key": "name",
							"value": "Gorman%20Manufacturing",
							"equals": true
						},
						{
							"key": "streetAddressLine1",
							"value": "492%20KOLLER%20STREET",
							"equals": true
						},
						{
							"key": "countryISOAlpha2Code",
							"value": "US",
							"equals": true
						},
						{
							"key": "addressLocality",
							"value": "SAN%20FRANCISCO",
							"equals": true
						},
						{
							"key": "addressRegion",
							"value": "CA",
							"equals": true
						},
						{
							"key": "postalCode",
							"value": "94110",
							"equals": true
						}
					]
				}
			},
			"response": []
		},
		{
			"name": "IDR Name",
			"request": {
				"method": "GET",
				"header": [
					{
						"key": "Authorization",
						"value": "Bearer {{dnbtoken}}"
					},
					{
						"key": "Content-Type",
						"value": "application/json"
					}
				],
				"body": {
					"mode": "raw",
					"raw": "{ \"grant_type\" : \"client_credentials\" }"
				},
				"url": {
					"raw": "https://plus.dnb.com/v1/match/cleanseMatch?name=Gorman%20Manufacturing&countryISOAlpha2Code=US",
					"protocol": "https",
					"host": [
						"plus",
						"dnb",
						"com"
					],
					"path": [
						"v1",
						"match",
						"cleanseMatch"
					],
					"query": [
						{
							"key": "name",
							"value": "Gorman%20Manufacturing",
							"equals": true
						},
						{
							"key": "countryISOAlpha2Code",
							"value": "US",
							"equals": true
						}
					]
				}
			},
			"response": []
		},
		{
			"name": "IDR Address",
			"request": {
				"method": "GET",
				"header": [
					{
						"key": "Authorization",
						"value": "Bearer {{dnbtoken}}"
					},
					{
						"key": "Content-Type",
						"value": "application/json"
					}
				],
				"body": {
					"mode": "raw",
					"raw": "{ \"grant_type\" : \"client_credentials\" }"
				},
				"url": {
					"raw": "https://plus.dnb.com/v1/match/cleanseMatch?streetAddressLine1=Kempischesteenweg%20190&countryISOAlpha2Code=BE&addressLocality=Hasselt",
					"protocol": "https",
					"host": [
						"plus",
						"dnb",
						"com"
					],
					"path": [
						"v1",
						"match",
						"cleanseMatch"
					],
					"query": [
						{
							"key": "streetAddressLine1",
							"value": "Kempischesteenweg%20190",
							"equals": true
						},
						{
							"key": "countryISOAlpha2Code",
							"value": "BE",
							"equals": true
						},
						{
							"key": "addressLocality",
							"value": "Hasselt",
							"equals": true
						}
					]
				}
			},
			"response": []
		},
		{
			"name": "IDR Postal Code",
			"request": {
				"method": "GET",
				"header": [
					{
						"key": "Authorization",
						"value": "Bearer {{dnbtoken}}"
					},
					{
						"key": "Content-Type",
						"value": "application/json"
					}
				],
				"body": {
					"mode": "raw",
					"raw": "{ \"grant_type\" : \"client_credentials\" }"
				},
				"url": {
					"raw": "https://plus.dnb.com/v1/match/cleanseMatch?countryISOAlpha2Code=CA&name=METRO&postalCode=H1C%202A1",
					"protocol": "https",
					"host": [
						"plus",
						"dnb",
						"com"
					],
					"path": [
						"v1",
						"match",
						"cleanseMatch"
					],
					"query": [
						{
							"key": "countryISOAlpha2Code",
							"value": "CA",
							"equals": true
						},
						{
							"key": "name",
							"value": "METRO",
							"equals": true
						},
						{
							"key": "postalCode",
							"value": "H1C%202A1",
							"equals": true
						}
					]
				}
			},
			"response": []
		},
		{
			"name": "IDR Telephone",
			"request": {
				"method": "GET",
				"header": [
					{
						"key": "Authorization",
						"value": "Bearer {{dnbtoken}}"
					},
					{
						"key": "Content-Type",
						"value": "application/json"
					}
				],
				"body": {
					"mode": "raw",
					"raw": "{ \"grant_type\" : \"client_credentials\" }"
				},
				"url": {
					"raw": "https://plus.dnb.com/v1/match/cleanseMatch?telephoneNumber=6505550000&countryISOAlpha2Code=US",
					"protocol": "https",
					"host": [
						"plus",
						"dnb",
						"com"
					],
					"path": [
						"v1",
						"match",
						"cleanseMatch"
					],
					"query": [
						{
							"key": "telephoneNumber",
							"value": "6505550000",
							"equals": true
						},
						{
							"key": "countryISOAlpha2Code",
							"value": "US",
							"equals": true
						}
					]
				}
			},
			"response": []
		},
		{
			"name": "IDR Registration Number",
			"request": {
				"method": "GET",
				"header": [
					{
						"key": "Authorization",
						"value": "Bearer {{dnbtoken}}"
					},
					{
						"key": "Content-Type",
						"value": "application/json"
					}
				],
				"body": {
					"mode": "raw",
					"raw": "{ \"grant_type\" : \"client_credentials\" }"
				},
				"url": {
					"raw": "https://plus.dnb.com/v1/match/cleanseMatch?countryISOAlpha2Code=GB&registrationNumber=00160043",
					"protocol": "https",
					"host": [
						"plus",
						"dnb",
						"com"
					],
					"path": [
						"v1",
						"match",
						"cleanseMatch"
					],
					"query": [
						{
							"key": "countryISOAlpha2Code",
							"value": "GB",
							"equals": true
						},
						{
							"key": "registrationNumber",
							"value": "00160043",
							"equals": true
						}
					]
				}
			},
			"response": []
		},
		{
			"name": "IDR Domain URL",
			"request": {
				"method": "GET",
				"header": [
					{
						"key": "Authorization",
						"value": "Bearer {{dnbtoken}}"
					},
					{
						"key": "Content-Type",
						"value": "application/json"
					}
				],
				"body": {
					"mode": "raw",
					"raw": "{ \"grant_type\" : \"client_credentials\" }"
				},
				"url": {
					"raw": "https://plus.dnb.com/v1/match/cleanseMatch?url=www.dnb.com&countryISOAlpha2Code=US",
					"protocol": "https",
					"host": [
						"plus",
						"dnb",
						"com"
					],
					"path": [
						"v1",
						"match",
						"cleanseMatch"
					],
					"query": [
						{
							"key": "url",
							"value": "www.dnb.com",
							"equals": true
						},
						{
							"key": "countryISOAlpha2Code",
							"value": "US",
							"equals": true
						}
					]
				}
			},
			"response": []
		},
		{
			"name": "IDR Domain Email",
			"request": {
				"method": "GET",
				"header": [
					{
						"key": "Authorization",
						"value": "Bearer {{dnbtoken}}"
					},
					{
						"key": "Content-Type",
						"value": "application/json"
					}
				],
				"body": {
					"mode": "raw",
					"raw": "{ \"grant_type\" : \"client_credentials\" }"
				},
				"url": {
					"raw": "https://plus.dnb.com/v1/match/cleanseMatch?email=jones@dnb.com&countryISOAlpha2Code=US",
					"protocol": "https",
					"host": [
						"plus",
						"dnb",
						"com"
					],
					"path": [
						"v1",
						"match",
						"cleanseMatch"
					],
					"query": [
						{
							"key": "email",
							"value": "jones@dnb.com",
							"equals": true
						},
						{
							"key": "countryISOAlpha2Code",
							"value": "US",
							"equals": true
						}
					]
				}
			},
			"response": []
		},
		{
			"name": "IDR Name & Address All Parameters",
			"request": {
				"method": "GET",
				"header": [
					{
						"key": "Authorization",
						"value": "Bearer {{dnbtoken}}"
					},
					{
						"key": "Content-Type",
						"value": "application/json"
					}
				],
				"body": {
					"mode": "raw",
					"raw": "{ \"grant_type\" : \"client_credentials\" }"
				},
				"url": {
					"raw": "https://plus.dnb.com/v1/match/cleanseMatch?name=Gorman%20Manufacturing&streetAddressLine1=492%20KOLLER%20STREET&countryISOAlpha2Code=US&addressLocality=SAN%20FRANCISCO&addressRegion=CA&postalCode=94110&customerBillingEndorsement=dpt1357&customerReference=IDRGorman&candidateMaximumQuantity=10&confidenceLowerLevelThreshold=7&exclusionCriteria1=ExcludeNonHeadquarters&exclusionCriteria2=ExcludeNonMarketable&isCleanseAndStandardizeInformationRequired=true",
					"protocol": "https",
					"host": [
						"plus",
						"dnb",
						"com"
					],
					"path": [
						"v1",
						"match",
						"cleanseMatch"
					],
					"query": [
						{
							"key": "name",
							"value": "Gorman%20Manufacturing",
							"equals": true
						},
						{
							"key": "streetAddressLine1",
							"value": "492%20KOLLER%20STREET",
							"equals": true
						},
						{
							"key": "countryISOAlpha2Code",
							"value": "US",
							"equals": true
						},
						{
							"key": "addressLocality",
							"value": "SAN%20FRANCISCO",
							"equals": true
						},
						{
							"key": "addressRegion",
							"value": "CA",
							"equals": true
						},
						{
							"key": "postalCode",
							"value": "94110",
							"equals": true
						},
						{
							"key": "customerBillingEndorsement",
							"value": "dpt1357",
							"equals": true
						},
						{
							"key": "customerReference",
							"value": "IDRGorman",
							"equals": true
						},
						{
							"key": "candidateMaximumQuantity",
							"value": "10",
							"equals": true
						},
						{
							"key": "confidenceLowerLevelThreshold",
							"value": "7",
							"equals": true
						},
						{
							"key": "exclusionCriteria1",
							"value": "ExcludeNonHeadquarters",
							"equals": true
						},
						{
							"key": "exclusionCriteria2",
							"value": "ExcludeNonMarketable",
							"equals": true
						},
						{
							"key": "isCleanseAndStandardizeInformationRequired",
							"value": "true",
							"equals": true
						}
					]
				}
			},
			"response": []
		},
		{
			"name": "IDR & Append Name & Address",
			"request": {
				"method": "GET",
				"header": [
					{
						"key": "Authorization",
						"value": "Bearer {{dnbtoken}}"
					},
					{
						"key": "Content-Type",
						"value": "application/json"
					}
				],
				"body": {
					"mode": "raw",
					"raw": "{ \"grant_type\" : \"client_credentials\" }"
				},
				"url": {
					"raw": "https://plus.dnb.com/v1/match/extendedMatch?productId=cmplnk&versionId=v1&name=Gorman%20Manufacturing&streetAddressLine1=492%20KOLLER%20STREET&countryISOAlpha2Code=US&addressLocality=SAN%20FRANCISCO&addressRegion=CA&postalCode=94110",
					"protocol": "https",
					"host": [
						"plus",
						"dnb",
						"com"
					],
					"path": [
						"v1",
						"match",
						"extendedMatch"
					],
					"query": [
						{
							"key": "productId",
							"value": "cmplnk",
							"equals": true
						},
						{
							"key": "versionId",
							"value": "v1",
							"equals": true
						},
						{
							"key": "name",
							"value": "Gorman%20Manufacturing",
							"equals": true
						},
						{
							"key": "streetAddressLine1",
							"value": "492%20KOLLER%20STREET",
							"equals": true
						},
						{
							"key": "countryISOAlpha2Code",
							"value": "US",
							"equals": true
						},
						{
							"key": "addressLocality",
							"value": "SAN%20FRANCISCO",
							"equals": true
						},
						{
							"key": "addressRegion",
							"value": "CA",
							"equals": true
						},
						{
							"key": "postalCode",
							"value": "94110",
							"equals": true
						}
					]
				}
			},
			"response": []
		},
		{
			"name": "IDR & Append Registration",
			"request": {
				"method": "GET",
				"header": [
					{
						"key": "Authorization",
						"value": "Bearer {{dnbtoken}}"
					},
					{
						"key": "Content-Type",
						"value": "application/json"
					}
				],
				"body": {
					"mode": "raw",
					"raw": "{ \"grant_type\" : \"client_credentials\" }"
				},
				"url": {
					"raw": "https://plus.dnb.com/v1/match/extendedMatch?productId=cmplnk&versionId=v1&registrationNumber=00160043&countryISOAlpha2Code=GB",
					"protocol": "https",
					"host": [
						"plus",
						"dnb",
						"com"
					],
					"path": [
						"v1",
						"match",
						"extendedMatch"
					],
					"query": [
						{
							"key": "productId",
							"value": "cmplnk",
							"equals": true
						},
						{
							"key": "versionId",
							"value": "v1",
							"equals": true
						},
						{
							"key": "registrationNumber",
							"value": "00160043",
							"equals": true
						},
						{
							"key": "countryISOAlpha2Code",
							"value": "GB",
							"equals": true
						}
					]
				}
			},
			"response": []
		},
		{
			"name": "IDR & Append Domain URL",
			"request": {
				"method": "GET",
				"header": [
					{
						"key": "Authorization",
						"value": "Bearer {{dnbtoken}}"
					},
					{
						"key": "Content-Type",
						"value": "application/json"
					}
				],
				"body": {
					"mode": "raw",
					"raw": "{ \"grant_type\" : \"client_credentials\" }"
				},
				"url": {
					"raw": "https://plus.dnb.com/v1/match/extendedMatch?productId=cmplnk&versionId=v1&url=www.dnb.com&countryISOAlpha2Code=IE",
					"protocol": "https",
					"host": [
						"plus",
						"dnb",
						"com"
					],
					"path": [
						"v1",
						"match",
						"extendedMatch"
					],
					"query": [
						{
							"key": "productId",
							"value": "cmplnk",
							"equals": true
						},
						{
							"key": "versionId",
							"value": "v1",
							"equals": true
						},
						{
							"key": "url",
							"value": "www.dnb.com",
							"equals": true
						},
						{
							"key": "countryISOAlpha2Code",
							"value": "IE",
							"equals": true
						}
					]
				}
			},
			"response": []
		},
		{
			"name": "IDR & Append Name & Address all parameters",
			"request": {
				"method": "GET",
				"header": [
					{
						"key": "Authorization",
						"value": "Bearer {{dnbtoken}}"
					},
					{
						"key": "Content-Type",
						"value": "application/json"
					}
				],
				"body": {
					"mode": "raw",
					"raw": "{ \"grant_type\" : \"client_credentials\" }"
				},
				"url": {
					"raw": "https://plus.dnb.com/v1/match/extendedMatch?productId=cmplnk&versionId=v1&name=Gorman%20Manufacturing&streetAddressLine1=492 KOLLER STREET&countryISOAlpha2Code=US&addressLocality=SAN FRANCISCO&addressRegion=CA&postalCode=94110&customerBillingEndorsement=dpt1357&customerReference=IDRGorman&candidateMaximumQuantity=10&confidenceLowerLevelThreshold=7&exclusionCriteria1=ExcludeNonHeadquarters&exclusionCriteria2=ExcludeNonMarketable&isCleanseAndStandardizeInformationRequired=true",
					"protocol": "https",
					"host": [
						"plus",
						"dnb",
						"com"
					],
					"path": [
						"v1",
						"match",
						"extendedMatch"
					],
					"query": [
						{
							"key": "productId",
							"value": "cmplnk",
							"equals": true
						},
						{
							"key": "versionId",
							"value": "v1",
							"equals": true
						},
						{
							"key": "name",
							"value": "Gorman%20Manufacturing",
							"equals": true
						},
						{
							"key": "streetAddressLine1",
							"value": "492 KOLLER STREET",
							"equals": true
						},
						{
							"key": "countryISOAlpha2Code",
							"value": "US",
							"equals": true
						},
						{
							"key": "addressLocality",
							"value": "SAN FRANCISCO",
							"equals": true
						},
						{
							"key": "addressRegion",
							"value": "CA",
							"equals": true
						},
						{
							"key": "postalCode",
							"value": "94110",
							"equals": true
						},
						{
							"key": "customerBillingEndorsement",
							"value": "dpt1357",
							"equals": true
						},
						{
							"key": "customerReference",
							"value": "IDRGorman",
							"equals": true
						},
						{
							"key": "candidateMaximumQuantity",
							"value": "10",
							"equals": true
						},
						{
							"key": "confidenceLowerLevelThreshold",
							"value": "7",
							"equals": true
						},
						{
							"key": "exclusionCriteria1",
							"value": "ExcludeNonHeadquarters",
							"equals": true
						},
						{
							"key": "exclusionCriteria2",
							"value": "ExcludeNonMarketable",
							"equals": true
						},
						{
							"key": "isCleanseAndStandardizeInformationRequired",
							"value": "true",
							"equals": true
						}
					]
				}
			},
			"response": []
		}
	]
}